NUTS_ID,wasp_raw_mean,wasp_raw_q25,wasp_raw_median,wasp_raw_q75,wasp_raw_count,hazard_raw
MK001,-0.0459615234836026,-0.05846328649990042,-0.03320487128794264,-0.017911370284570904,118,0.771
MK002,-0.043624540286992745,-0.058975726604670355,-0.03376407947285391,-0.018608443672228924,120,0.783
MK003,-0.03999776709035526,-0.05828142465268176,-0.029692668207213398,-0.010784568780174367,111,0.631
MK004,-0.04712724152839895,-0.05998659839999629,-0.036028552960161345,-0.019344787242308085,119,0.79
MK005,-0.04784809915860098,-0.06453913533985978,-0.036020717969766775,-0.016279152371999464,115,0.739
MK006,-0.040027811584364734,-0.05555876669267015,-0.030429187023175423,-0.012364326517281848,113,0.664
MK007,-0.04542076521045108,-0.060305526715265616,-0.034587444579012125,-0.017253427653534534,112,0.786
MK008,-0.04202529214375133,-0.05288248469927002,-0.032911208380946244,-0.016459711436521963,113,0.743
