NUTS_ID,wasp_raw_mean,wasp_raw_q25,wasp_raw_median,wasp_raw_q75,wasp_raw_count,hazard_raw
MK001,-0.0629658455269141,-0.08747300590827534,-0.043831084659445796,-0.021199289559473374,108,0.787
MK002,-0.0648937071417189,-0.09145928670719716,-0.04690356862577303,-0.023839186604288003,103,0.806
MK003,-0.04949295917800499,-0.06443045656036303,-0.03458152428561055,-0.017854017914735988,110,0.736
MK004,-0.0691095520116309,-0.09555607078138771,-0.05038683570484512,-0.02854683834013404,101,0.832
MK005,-0.053798566942487296,-0.06651869702626607,-0.037536860494673835,-0.016469207497965335,108,0.713
MK006,-0.05293166734151315,-0.060522217418628,-0.033372945283218894,-0.019240543178270016,106,0.755
MK007,-0.053163140195335835,-0.0703258871279881,-0.034452623129206494,-0.0187729754195088,112,0.741
MK008,-0.054865438415984145,-0.07299065621372441,-0.03932651654972764,-0.022811499285022407,109,0.789
