NUTS_ID,wasp_raw_mean,wasp_raw_q25,wasp_raw_median,wasp_raw_q75,wasp_raw_count,hazard_raw
SK010,-23.81009103563245,-23.81009103563245,-23.81009103563245,-23.81009103563245,1,1.0
SK021,-24.255409752408493,-24.255409752408493,-24.255409752408493,-24.255409752408493,1,1.0
SK022,-0.10144874808774489,-0.16138383091635128,-0.06605349709388758,-0.03290422707987142,80,0.712
SK023,-0.014878654090217798,-0.018807558831408413,-0.00996215364753833,-0.005662904468984781,16,0.062
SK031,-0.017471974142692852,-0.017471974142692852,-0.017471974142692852,-0.017471974142692852,1,0.0
SK032,-0.01768600186618652,-0.024878606067355254,-0.010850091216286073,-0.00451116348202859,93,0.118
SK041,-0.007951126018050295,-0.003921834038825711,-0.0035573929086408222,-0.001116777907551343,5,0.0
SK042,-4.554024877185755,-5.2153280709000125,-3.0636786932049302,-2.4023754994906725,4,1.0
