NUTS_ID,wasp_raw_mean,wasp_raw_q25,wasp_raw_median,wasp_raw_q75,wasp_raw_count,hazard_raw
SK010,-0.037804762200668966,-0.04502566685747474,-0.027421583418200862,-0.015618806123475569,109,0.817
SK021,-0.037492120405578366,-0.045689004393536015,-0.025847683239356153,-0.015348705038589545,109,0.789
SK022,-0.032029068384502604,-0.04236369539202438,-0.023234917262329055,-0.009760899651521021,112,0.705
SK023,-0.03396870743843321,-0.046461616886523886,-0.023874650795471013,-0.008976653365647291,113,0.69
SK031,-0.030110355043164165,-0.039398895770049756,-0.020266902966829772,-0.012019732043403968,109,0.725
SK032,-0.03194019492952939,-0.04313713419022116,-0.023121275037262537,-0.010307041244455242,112,0.714
SK041,-0.030796206774327945,-0.03682172877628256,-0.021117922423790438,-0.011196676538103651,118,0.703
SK042,-0.035959670305278066,-0.046452515767308564,-0.0253340601894374,-0.01175340675132953,115,0.713
