NUTS_ID,wasp_raw_mean,wasp_raw_q25,wasp_raw_median,wasp_raw_q75,wasp_raw_count,hazard_raw
IE041,-0.019995154485708502,-0.026526991499144115,-0.015313029411131069,-0.008756252318847456,116,0.716
IE042,-0.018559060120565747,-0.02496515818765107,-0.01313748745786698,-0.008043352402404015,123,0.691
IE051,-0.020157564240778275,-0.023997982665966706,-0.015820090492527923,-0.00635104350323328,118,0.669
IE052,-0.02358782170535328,-0.02893172106546255,-0.01673942281218045,-0.006431788780749571,114,0.675
IE053,-0.019605308707545392,-0.02558628478487148,-0.01581229495382136,-0.007625947905770111,111,0.685
IE061,-0.02388018107000215,-0.03362830277316391,-0.01770727430856496,-0.008294904598097955,117,0.701
IE062,-0.022494461689551867,-0.028183979640336122,-0.01741146113264233,-0.007839013260754481,118,0.712
IE063,-0.02224539263225762,-0.030639773456813457,-0.016504871270170442,-0.007514144541946564,121,0.678
