NUTS_ID,wasp_raw_mean,wasp_raw_q25,wasp_raw_median,wasp_raw_q75,wasp_raw_count,hazard_raw,exposure_raw,vulnerability_raw,risk_raw,risk_cat
IE041,-0.027819470194381513,-0.0372751145626658,-0.02467050956449578,-0.012690490708629409,117,0.752,0.199,0.453,0.068,1
IE042,-0.03785878652940432,-0.04940614737309792,-0.03125751471857386,-0.017951966061280956,106,0.83,1.0,1.0,0.83,5
IE051,-0.029055354122930997,-0.040246411322341996,-0.023474426055124335,-0.010633168023624542,113,0.717,0.085,0.378,0.023,1
IE052,-0.042649307566662964,-0.05815315756465071,-0.035301966810533617,-0.020342971786775084,111,0.82,0.504,0.206,0.085,1
IE053,-0.03223761675559307,-0.04229536039040238,-0.024485393031543054,-0.010731958371552998,116,0.716,0.383,0.155,0.043,1
IE061,-0.033745602353549016,-0.04182495555148908,-0.02815164512601204,-0.01667736637145342,120,0.808,0.959,0.912,0.707,4
IE062,-0.029290961662916143,-0.03777351510130488,-0.025223741692236373,-0.011095028202178139,117,0.726,0.063,0.01,0.0,0
IE063,-0.022709396314233955,-0.03158695574013948,-0.01894072658627809,-0.008459116852809546,125,0.632,1.0,0.461,0.291,2
