Location,NUTS_ID,wasp_raw_mean,wasp_raw_q25,wasp_raw_median,wasp_raw_q75,wasp_raw_count,hazard_raw,exposure_raw,vulnerability_raw,risk_raw,risk_cat
LV: Pierīga,LV007,-0.027021478906566,-0.03433487478978832,-0.018538120062254006,-0.01022867700485975,115,0.748,0.74,0.794,0.439,3
LV: Zemgale,LV009,-0.02585222123331561,-0.035880422038811685,-0.01918182956392754,-0.009050001260023968,113,0.726,1.0,0.604,0.439,3
LV: Rīga,LV006,-0.024611355435402348,-0.033578632677709996,-0.018226747981219926,-0.008577810699202161,124,0.71,1.0,1.0,0.71,4
LV: Latgale,LV005,-0.025993696503966473,-0.03471821528021857,-0.0183834152727194,-0.009482242416078148,119,0.723,0.83,0.144,0.086,1
LV: Vidzeme,LV008,-0.024004205948402902,-0.032694995186895295,-0.016416794072429033,-0.007081659930800903,125,0.656,0.444,0.01,0.003,1
LV: Kurzeme,LV003,-0.02641240925377412,-0.035878124178462895,-0.018743674393834855,-0.009433165867570044,116,0.724,0.784,0.389,0.221,2
