Location,NUTS_ID,wasp_raw_mean,wasp_raw_q25,wasp_raw_median,wasp_raw_q75,wasp_raw_count,hazard_raw,exposure_raw,vulnerability_raw,risk_raw,risk_cat
LV: Pierīga,LV007,-0.03331713223118809,-0.03627779035032713,-0.02141399304974388,-0.010598202684559412,113,0.735,0.737,0.817,0.443,3
LV: Zemgale,LV009,-0.02870695139979997,-0.038547575743898894,-0.022706144630684544,-0.010324267955015017,113,0.743,1.0,0.621,0.461,3
LV: Rīga,LV006,-0.036328100529717446,-0.053344242160108066,-0.020223747036719312,-0.010740757371754726,107,0.729,1.0,1.0,0.729,4
LV: Latgale,LV005,-0.03426769875215042,-0.04859264966630816,-0.019616968236788667,-0.010668889002683476,113,0.743,0.842,0.058,0.036,1
LV: Vidzeme,LV008,-0.0324146352387416,-0.042127803822286314,-0.022461987001541374,-0.01301501827557392,114,0.772,0.436,0.01,0.003,1
LV: Kurzeme,LV003,-0.03397159053814949,-0.048120060090847724,-0.02429625979700992,-0.01204075123499322,109,0.752,0.76,0.415,0.237,2
