Country_Name,Exposure_1,Exposure_2,Exposure_3
RID1,1790.3488,10.52,33.62
RID2,2998.501158,32.74,52.33
RID3,6802.804519,5.53,9.05
