NUTS_ID,wasp_raw_mean,wasp_raw_q25,wasp_raw_median,wasp_raw_q75,wasp_raw_count,hazard_raw
MK001,-0.22490134903674963,-0.2966658617679111,-0.13908335360447882,-0.0738361193320508,58,0.897
MK002,-0.20034069229904325,-0.27409321439748374,-0.1310988430913203,-0.057235368845337135,61,0.885
MK003,-0.14863913527144576,-0.19403643614778832,-0.08804855559513358,-0.04287153501879174,68,0.868
MK004,-0.1780082963750113,-0.23100338095998812,-0.1355415502743761,-0.06480988710489247,71,0.915
MK005,-0.15731559866425235,-0.201112164380586,-0.11854170549976935,-0.0446748598293292,71,0.859
MK006,-0.1707499859515205,-0.24202307219481337,-0.09433584489471267,-0.0469764458871543,63,0.873
MK007,-0.14652142146175348,-0.18320894788462636,-0.09190667491434018,-0.05192015374232589,74,0.878
MK008,-0.16758573737441815,-0.21822906167294487,-0.11945774888848351,-0.06358665803898775,68,0.941
